{"cameraMode":{"drawMode":0,"name":"Shaded","section":"Shading Mode"},"sceneLighting":false,"audioPlay":false,"sceneViewState":{"m_AlwaysRefresh":false,"showFog":true,"showSkybox":false,"showFlares":true,"showImageEffects":true,"showParticleSystems":true,"showVisualEffectGraphs":true,"m_FxEnabled":true},"in2DMode":false,"pivot":{"x":-0.9702563285827637,"y":0.1952783465385437,"z":0.9799230694770813},"rotation":{"x":-0.3626426160335541,"y":0.29878944158554079,"z":-0.12397956103086472,"w":-0.8739879131317139},"size":0.4457643926143646,"orthographic":false}