{"cameraMode":{"drawMode":0,"name":"Shaded","section":"Shading Mode"},"sceneLighting":true,"audioPlay":false,"sceneViewState":{"m_AlwaysRefresh":false,"showFog":true,"showSkybox":true,"showFlares":true,"showImageEffects":true,"showParticleSystems":true,"showVisualEffectGraphs":true,"m_FxEnabled":true},"in2DMode":false,"pivot":{"x":25.4342098236084,"y":-10.630241394042969,"z":17.679004669189454},"rotation":{"x":0.15595267713069917,"y":0.5838664174079895,"z":-0.11550667136907578,"w":0.7883087396621704},"size":19.355344772338868,"orthographic":false}