{"cameraMode":{"drawMode":0,"name":"Shaded","section":"Shading Mode"},"sceneLighting":true,"audioPlay":false,"sceneViewState":{"m_AlwaysRefresh":false,"showFog":true,"showSkybox":true,"showFlares":true,"showImageEffects":true,"showParticleSystems":true,"showVisualEffectGraphs":true,"m_FxEnabled":true},"in2DMode":false,"pivot":{"x":-10.674744606018067,"y":-0.8574866056442261,"z":25.238140106201173},"rotation":{"x":0.07190768420696259,"y":-0.2210443913936615,"z":0.016345573589205743,"w":0.9724674224853516},"size":17.463428497314454,"orthographic":false}